{
  "project_info": {
    "project_number": "599165066216",
    "project_id": "bloodbank-6e3c4",
    "storage_bucket": "bloodbank-6e3c4.appspot.com"
  },
  "client": [
    {
      "client_info": {
        "mobilesdk_app_id": "1:599165066216:android:257a0d7a1a06db1a88625d",
        "android_client_info": {
          "package_name": "com.example.mariblood"
        }
      },
      "oauth_client": [
        {
          "client_id": "599165066216-vh3tot4t17qjhiu1923q777grvsaud0n.apps.googleusercontent.com",
          "client_type": 3
        }
      ],
      "api_key": [
        {
          "current_key": "AIzaSyB0hffuVmVtanr65DCqPsGRwHZxulrmX14"
        }
      ],
      "services": {
        "appinvite_service": {
          "other_platform_oauth_client": [
            {
              "client_id": "599165066216-vh3tot4t17qjhiu1923q777grvsaud0n.apps.googleusercontent.com",
              "client_type": 3
            }
          ]
        }
      }
    }
  ],
  "configuration_version": "1"
}